<?xml version="1.0" encoding="UTF-8"?>
<mule xmlns:json="http://www.mulesoft.org/schema/mule/json" xmlns:dw="http://www.mulesoft.org/schema/mule/ee/dw" xmlns:file="http://www.mulesoft.org/schema/mule/file" xmlns="http://www.mulesoft.org/schema/mule/core" xmlns:doc="http://www.mulesoft.org/schema/mule/documentation" xmlns:spring="http://www.springframework.org/schema/beans" xmlns:xsi="http://www.w3.org/2001/XMLSchema-instance"
	xsi:schemaLocation="http://www.springframework.org/schema/beans http://www.springframework.org/schema/beans/spring-beans-current.xsd
http://www.mulesoft.org/schema/mule/core http://www.mulesoft.org/schema/mule/core/current/mule.xsd
http://www.mulesoft.org/schema/mule/file http://www.mulesoft.org/schema/mule/file/current/mule-file.xsd
http://www.mulesoft.org/schema/mule/ee/dw http://www.mulesoft.org/schema/mule/ee/dw/current/dw.xsd
http://www.mulesoft.org/schema/mule/json http://www.mulesoft.org/schema/mule/json/current/mule-json.xsd">
	<flow name="fileconnector-demoFlow">
		<file:inbound-endpoint path="src/main/resources/input" moveToPattern="#[message.inboundProperties.originalFilename]#[server.dateTime.format(&quot;yyyyMMddHHmmss&quot;)].backup" moveToDirectory="src/main/resources/backup" responseTimeout="10000" doc:name="File">
            <file:filename-regex-filter pattern=".*xml" caseSensitive="false"/>
		</file:inbound-endpoint>
		<logger level="INFO" doc:name="Logger" message="File Recieved to load : #[message.inboundProperties.originalFilename]"/>
        <json:xml-to-json-transformer doc:name="XML to JSON"/>
        <dw:transform-message doc:name="Transform Message">
            <dw:set-payload><![CDATA[%dw 1.0
%output application/json
---
{
	"success"  : true,
	"response" : payload
}]]></dw:set-payload>
        </dw:transform-message>
		<file:outbound-endpoint path="src/main/resources/output" responseTimeout="10000" doc:name="File" outputPattern="#[server.dateTime.format(&quot;yyyyMMddHHmmss&quot;)].json"/>
	</flow>
</mule>